bedrooms,# of listings,# of bookings,ratio
13.0,1,111.0,111.0
0.0,677,34125.0,50.40620384047267
1.0,5298,171728.0,32.41374103435258
2.0,2561,73094.0,28.541194845763375
4.0,675,17994.0,26.657777777777778
3.0,1486,37256.0,25.071332436069987
7.0,29,727.0,25.06896551724138
5.0,236,5781.0,24.49576271186441
6.0,81,1840.0,22.71604938271605
9.0,11,199.0,18.09090909090909
12.0,1,18.0,18.0
8.0,17,240.0,14.117647058823529
10.0,5,55.0,11.0
14.0,1,,
15.0,1,,
23.0,1,,
