bedrooms,# of listings,# of bookings,ratio
0.0,117,8411,71.88888888888889
1.0,705,28592,40.55602836879433
2.0,76,1738,22.86842105263158
3.0,7,39,5.571428571428571
